"refNum","Стара оферта","EUR","Нощувки","Score","t","p","n","d","Оператор","spo (ID при оператора)","PV id","PV EUR","PV заглавие"
"Е557","Кения – класическо сафари и почивка на Диани Бийч","3999","7","1","1","1","1","1","Bohemia","6000005108","21-6000005108","3999.00","Екскурзия в КЕНИЯ - класическо сафари и почивка на Диани бийч"
"Е679","Почивка в Индонезия – Мечтаният остров Бали с водач от България","2499","7","1","1","1","1","1","Bohemia","6000003724","21-6000003724","2499.00","Почивка в ИНДОНЕЗИЯ - МЕЧТАНИЯТ ОСТРОВ БАЛИ - с водач от България!"
"Е556","Екскурзия в Египет: Кайро – град на контрастите","764","4","1","1","1","1","1","Bohemia","6000004979","21-6000004979","764.00","Екскурзия в ЕГИПЕТ: Кайро - град на контрастите - 4 нощувки"
"Е739","Екскурзия в Испания – Андалусия за ценители","499","4","1","1","1","1","1","Bohemia","6000005226","21-6000005226","499.00","Екскурзия в ИСПАНИЯ - Андалусия за ценители! Обслужване на български език!"
"Е192","Екскурзия в Испания – Барселона, сърцето на Каталуния","599","3","1","1","1","1","1","Bohemia","6000001624","21-6000001624","599.00","Екскурзия в ИСПАНИЯ - БАРСЕЛОНА - сърцето на Каталуния"
"Е195","Екскурзия в Испания – Мадрид, в сърцето на Испания","639","4","1","1","1","1","1","Bohemia","6000000919","21-6000000919","639.00","Екскурзия в ИСПАНИЯ - Мадрид - в сърцето на Испания!"
"Е395","Почивка в Испания – Гран Канария, загадъчният остров","1135","7","1","1","1","1","1","Bohemia","6000004786","21-6000004786","1135.00","Почивка в ИСПАНИЯ - ГРАН КАНАРИЯ - загадъчният остров"
"П756","Почивка в Гърция – остров Родос (полет от София)","515","7","1","1","1","1","1","Bohemia","1100019780","21-1100019780","515.37","Почивка в ГЪРЦИЯ - ОСТРОВ РОДОС - 7 нощувки - полет от София!"
"Е267","Почивка в Испания – Тенерифе, островът на вечното лято","799","7","1","1","1","1","1","Bohemia","6000004474","21-6000004474","799.00","Почивка в ИСПАНИЯ - ТЕНЕРИФЕ - островът на вечното лято!"
"Е346","Екскурзия в Полша – Уикенд в Краков и Вроцлав","499","3","1","1","1","1","1","Bohemia","6000004747","21-6000004747","499.00","Екскурзия в ПОЛША - Уикенд в КРАКОВ и ВРОЦЛАВ"
"П1153","Хотели в Златни пясъци","15","1","1","1","1","1","1","Solvex TA","11409","43-11409","15.00","Хотели в Златни пясъци"
"П1151","Хотели в Слънчев ден","59","1","1","1","1","1","1","Solvex TA","11620","43-11620","59.00","Хотели в Слънчев ден"
"Е338","Екскурзия в Италия – вълшебният свят на Сицилия","409","4","1","1","1","1","1","Bohemia","6000004440","21-6000004440","409.00","Екскурзия в ИТАЛИЯ - вълшебният свят на Сицилия!"
"Е399","Екскурзия в Италия – Верона, градът на любовта","429","3","1","1","1","1","1","Bohemia","6000004822","21-6000004822","429.00","Екскурзия в ИТАЛИЯ - Верона - градът на любовта!"
"Е675","Екскурзия в Италия – Нова година в Милано (4 нощувки, директен полет от Варна)","519","4","1","1","1","1","1","Bohemia","6000005497","21-6000005497","519.00","Екскурзия в ИТАЛИЯ - Нова година в МИЛАНО – 4 нощувки с директен полет от Варна!"
"Е442","Екскурзия в Италия – Рим, сърцето на Империята (3 нощувки)","521","3","1","1","1","1","1","Bohemia","6000001575","21-6000001575","521.00","Екскурзия в ИТАЛИЯ - РИМ - сърцето на Империята, 3 нощувки със самолет и обслужване на български език!"
"Е370","Екскурзия в Тоскана – сърцето на Италия (самолет, на български)","529","3","1","1","1","1","1","Bohemia","6000002722","21-6000002722","529.00","Екскурзия в ТОСКАНА – сърцето на Италия, със самолет, на български език!"
"Е266","Екскурзия в Италия – Рим, магията на Империята (4 нощувки)","579","4","1","1","1","1","1","Bohemia","6000003434","21-6000003434","579.00","Екскурзия в ИТАЛИЯ - РИМ - магията на Империята, 4 нощувки със самолет и обслужване на български език!"
"Е379","Екскурзия в Италия – Рим, Вечният град (5 нощувки, самолет)","619","5","1","1","1","1","1","Bohemia","6000004316","21-6000004316","619.00","Екскурзия в ИТАЛИЯ - РИМ - Вечният град, 5 нощувки със самолет и обслужване на български език!"
"Е629","Екскурзия в Испания – Свети Валентин в Севиля","599","3","1","1","1","1","1","Bohemia","6000004545","21-6000004545","599.00","Екскурзия в ИСПАНИЯ - Свети Валентин в Севиля"
"Е395","Почивка в Испания – Гран Канария, загадъчният остров","1135","7","1","1","1","1","1","Bohemia","6000004786","21-6000004786","1135.00","Почивка в ИСПАНИЯ - ГРАН КАНАРИЯ - загадъчният остров"
"Е392","Екскурзия в Турция – Истанбул, Градът на мечтите (автобус)","171","3","1","1","1","1","1","Bohemia","6000000578","21-6000000578","171.00","Екскурзия в ТУРЦИЯ - ИСТАНБУЛ- Градът на мечтите, с автобус на български език"
"Е391","Екскурзия в Турция – Истанбул, Вълшебният свят на Ориента","229","4","1","1","1","1","1","Bohemia","6000000172","21-6000000172","229.00","Екскурзия в ТУРЦИЯ - ИСТАНБУЛ - Вълшебният свят на Ориента, с автобус на български език"
"Е515","Екскурзия в Турция – Кападокия от София","408","5","1","1","1","1","1","Bohemia","6000000567","21-6000000567","408.00","Екскурзия в ТУРЦИЯ - Кападокия от София"
"Е602","Екскурзия в Азербайджан – Баку, перлата на Каспийско море","1189","4","1","1","1","1","1","Bohemia","6000003984","21-6000003984","1179.00","Екскурзия в АЗЕРБАЙДЖАН - Баку - перлата на Каспийско море - със самолет и водач от България!"
"П1154","Хотели в Златни пясъци","15","1","1","1","1","1","1","Solvex TA","11409","43-11409","15.00","Хотели в Златни пясъци"
"П1152","Хотели в Китен","18","1","1","1","1","1","1","Solvex TA","11439","43-11439","18.00","Хотели в Китен"
"П411","Хотели в Пампорово","19","1","1","1","1","1","1","Solvex TA","11285","43-11285","19.00","Хотели в Пампорово"
"Е464","Екскурзия в Италия – Магията на италианските езера (самолетна програма)","829","5","0.983","1","1","1","0.83","Bohemia","6000003536","21-6000003536","829.00","Екскурзия в ИТАЛИЯ - Магията на италианските езера - самолетна програма с обслужване на български език!"
"Е394","Екскурзия до великолепния Истанбул с посещение на Watergarden","122","2","0.98","1","1","1","0.8","AnaTravel","1318","26-1318","123.00","Екскурзия до великолепния Истанбул с посещение на Watergarden"
"П1103","Почивка в тюркоазена Сардиния (полет от Варна)","737","7","0.975","1","1","1","0.75","Abax.bg","2978","109-2978","736.77","Почивка в тюркоазена Сардиния - полет от Варна"
"П1138","Почивка в Дидим (самолет от Варна, събота, 7 нощувки)","447","7","0.975","1","1","1","0.75","Emerald Travel","710","123-710","447.13","Почивка в Дидим със самолет от Варна в Събота - 7 нощувки"
"Е609","Екскурзия в Германия – Баварски замъци","389","3","0.975","1","1","1","0.75","Bohemia","6000001228","21-6000001228","389.00","Екскурзия в ГЕРМАНИЯ - Баварски замъци"
"Е720","Приказка в Дисниленд – Париж (директни полети от София)","901","4","0.971","1","1","1","0.71","Boiana MG","1065189812","166-1065189812","901.00","Приказка в Дисниленд-Париж с директни полети от София"
"П1129","Почивка на о-в Крит от София","437","7","0.967","1","1","1","0.67","OnexTour","260","94-260","437.00","Почивка на о-в Крит от София"
"Е585","Екскурзия до Истанбул – самолетна, 4 дни","747","3","0.967","1","1","1","0.67","2МКО","447","20-447","747.00","Екскурзия до Истанбул самолетна - 4 дни"
"П932","Почивка в Италия – Сицилия (хотел Nike 4★)","740","7","0.967","1","1","1","0.67","Bohemia","1100006300","21-1100006300","740.00","Почивка в ИТАЛИЯ - СИЦИЛИЯ, хотел Nike 4* - със самолет и обслужване на български език!"
"П1136","Почивка в Измир (самолет от София, 7 нощувки)","682","7","0.967","1","1","1","0.67","Emerald Travel","653","123-653","682.00","Почивка в Измир със самолет от София до Измир - 7 нощувки"
"Е653","Екскурзия в Тайланд – Пукет и Банкок, Перлите на Индокитай","2959","7","0.96","1","1","1","0.6","Bohemia","6000003060","21-6000003060","2959.00","Екскурзия в ТАЙЛАНД - ПУКЕТ И БАНКОК, Перлите на Индокитай, с водач от България!"
"Е740","Екскурзия в Испания – Валенсия, история, кухня и култура","579","3","0.96","1","1","1","0.6","Bohemia","6000004840","21-6000004840","579.00","Екскурзия в ИСПАНИЯ - Валенсия - история, кухня и култура!"
"Е339","Екскурзия в Италия – Сицилия: кухня, природа и история","339","3","0.96","1","1","1","0.6","Bohemia","6000004321","21-6000004321","339.00","Екскурзия в ИТАЛИЯ - Сицилия - кухня, природа и история!"
"Е654","Екскурзия в Тайланд – Пукет и Банкок, Перлите на Индокитай","2959","7","0.96","1","1","1","0.6","Bohemia","6000003060","21-6000003060","2959.00","Екскурзия в ТАЙЛАНД - ПУКЕТ И БАНКОК, Перлите на Индокитай, с водач от България!"
"Е610","Екскурзия в Индия – Златният триъгълник с водач от България","1719","7","0.95","1","1","1","0.5","Bohemia","6000004837","21-6000004837","1719.00","Екскурзия в ИНДИЯ - златният триъгълник, с водач от България!"
"П974","Почивка в Шарм ел Шейх, Египет – със самолет от София","436","7","0.95","1","1","1","0.5","Emerald Travel","1020","123-1020","436.39","Почивка в Шарм ел Шейх, Египет със самолет от София - 7 нощувки"
"П1139","Почивка в Шарм ел Шейх, Египет – със самолет от Варна","465","7","0.95","1","1","1","0.5","Emerald Travel","1016","123-1016","465.34","Почивка в Шарм ел Шейх, Египет със самолет от Варна - 7 нощувки"
"П1091","Ексклузивни отстъпки – Почивка в Тунис (полет от Пловдив)","330","7","0.95","1","1","1","0.5","Emerald Travel","1610","123-1610","330.10","ЕКСКЛУЗИВНИ ОТСТЪПКИ - Почивка в Тунис със самолет от Пловдив  - 7 нощувки"
"П1092","Ексклузивни отстъпки – Почивка в Тунис (от София, 7 нощувки)","369","7","0.95","1","1","1","0.5","Emerald Travel","1609","123-1609","369.09","ЕКСКЛУЗИВНИ ОТСТЪПКИ - Почивка в Тунис със самолет от София - 7 нощувки"
"Е695","Екскурзия в Сърбия – Белград, сърцето на Балканите","157","2","0.95","1","1","1","0.5","Bohemia","6000000450","21-6000000450","157.00","Екскурзия в СЪРБИЯ - Белград, сърцето на Балканите - екскурзия с автобус"
"Е729","Приключение в Намибия","3996","9","0.95","1","1","1","0.5","MarbroTours","123","63-123","3996.00","Приключение в Намибия"
"Е608","Уикенд в Дубай и Абу Даби (полет на Wizz Air)","715","3","0.943","1","1","1","0.43","Bohemia","6000005351","21-6000005351","715.00","Уикенд в ДУБАЙ и АБУ ДАБИ, с полет на Wizz Air!"
"П1009","Почивка в Шарм ел Шейх, Египет – от София в неделя","454","7","0.94","1","1","1","0.4","Emerald Travel","1663","123-1663","454.14","Почивка в Шарм ел Шейх, Египет със самолет от София в Неделя - 7 нощувки"
"Е479","Екскурзия в Италия – Палермо, столицата на Сицилия","449","4","0.94","1","1","0.5","1","Bohemia","6000004464","21-6000004464","449.00","Екскурзия в ИТАЛИЯ - ПАЛЕРМО- столицата на Сицилия"
"Е741","Почивка в Италия – Калабрия, Тропеа (полет до Ламеция Терме)","709","7","0.94","1","1","1","0.4","Bohemia","6000005394","21-6000005394","709.00","Почивка в ИТАЛИЯ - Калабрия, Тропеа - с полет до Ламеция Терме"
"П992","Нова година на о-в Мавриций с чартърен полет от София – 7 нощувки","2204","7","0.933","1","1","1","0.33","Emerald Travel","1124","123-1124","2203.69","Нова година на о-в Мавриций, с чартърен полет от София - 7 нощувки"
"П1067","Почивка в Кемер, Турция (самолет от София, 7 нощувки)","401","7","0.933","1","1","1","0.33","Emerald Travel","1377","123-1377","400.50","Почивка в Кемер, Турция със самолет от София - 7 нощувки"
"П1148","Почивка в Сицилия (самолет от София, 7 нощувки)","569","7","0.933","1","1","1","0.33","Emerald Travel","1743","123-1743","568.90","Почивка в Сицилия, със самолет от София - 7 нощувки"
"П1111","Почивка в Италия – Соренто, Неапол, Амалфи, Позитано, Капри","836","7","0.933","1","1","1","0.33","Bohemia","1100006089","21-1100006089","843.00","Почивка в ИТАЛИЯ - СОРЕНТО, НЕАПОЛ, АМАЛФИ, ПОЗИТАНО, КАПРИ"
"Е625","8-ми март в Милано","558","3","0.933","1","1","1","0.33","Doris","429","111-429","557.65","8-ми март в Милано"
"Е400","Екскурзия в Италия – Соренто, Неапол, Амалфи и о-в Капри (Перлите на Южна Италия)","704","4","0.929","1","1","1","0.29","Bohemia","6000004300","21-6000004300","704.00","Екскурзия в ИТАЛИЯ - Соренто, Неапол, Амалфи и о-в Капри - Перлите на Южна Италия!"
"Е614","Уикенд екскурзия и шопинг тур в Солун","105","1","0.925","1","1","1","0.25","GlobalTour","2459","68-2459","105.00","Уикенд екскурзия и шопинг тур в Солун"
"Е345","Уикенд в Атина – 3 нощувки (самолетна програма)","385","3","0.925","1","1","1","0.25","Bohemia","6000004389","21-6000004389","385.00","Уикенд в Атина – 3 нощувки, самолетна програма с обслужване на български език!"
"П942","Дубай: Рай в Ориента (6 дни)","743","5","0.925","1","1","1","0.25","MarbroTours","179","63-179","743.00","Дубай: Рай в Ориента (6 дни)"
"П941","Дубай: Рай в Ориента (7 дни)","865","6","0.925","1","1","1","0.25","MarbroTours","180","63-180","865.00","Дубай: Рай в Ориента (7 дни)"
"П724","Почивка на о-в Джерба, Тунис (самолет от София, събота)","491","7","0.925","1","1","1","0.25","Emerald Travel","942","123-942","490.85","Почивка на о-в Джерба, Тунис със самолет от София в Събота - 7 нощувки"
"Е536","Коледни базари в Крайова","255","2","0.925","1","1","1","0.25","Bohemia","6000002730","21-6000002730","255.00","Коледни базари в Крайова"
"Е526","Почивка в Дубай – 6 дни (полет на Fly Dubai)","790","5","0.925","1","1","1","0.25","Bohemia","6000004869","21-6000004869","790.00","Почивка в ДУБАЙ - 6 дни, с полет на Fly Dubai!"
"Е718","Почивка на Сейшелите – Екзотична морска почивка на о-в Махе","2050","6","0.92","1","1","1","0.2","Bohemia","6000005157","21-6000005157","2050.00","Почивка на СЕЙШЕЛИТЕ - Екзотична морска почивка на о-в Махе!"
"Е652","Бузуки парти за 8-ми март в Солун","179","2","0.92","1","1","1","0.2","Doris","276","111-276","178.60","Бузуки парти за 8-ми март в Солун"
"Е718","Почивка на Сейшелите – екзотична морска почивка на о-в Махе","2050","6","0.92","1","1","1","0.2","Bohemia","6000005157","21-6000005157","2050.00","Почивка на СЕЙШЕЛИТЕ - Екзотична морска почивка на о-в Махе!"
"Е419","Почивка на Сейшелите сред вълшебната природа на о-в Махе с водач от България","2367","6","0.917","1","1","1","0.17","Bohemia","6000005129","21-6000005129","2366.00","Почивка на Сейшелите сред вълшебната природа на о-в Махе - с водач от България!"
"Е673","Екскурзия в Грузия – Тбилиси и очарованието на Южен Кавказ","1049","4","0.916","1","0.7","1","1","Bohemia","6000005475","21-6000005475","999.00","Екскурзия в ГРУЗИЯ - Тбилиси и очарованието на Южен Кавказ!"
"П1093","Почивка в Тунис (самолет от Пловдив, 7 нощувки)","330","7","0.916","1","0.7","1","1","Emerald Travel","1299","123-1299","324.99","Почивка в Тунис със самолет от Пловдив  - 7 нощувки"
"П1157","Имперските столици – бюджетен вариант (Фес → Маракеш)","1070","7","0.912","1","1","1","0.13","Abax.bg","3163","109-3163","1070.00","ИМПЕРСКИТЕ СТОЛИЦИ - БЮДЖЕТЕН ВАРИАНТ от Фес до Маракеш - хотели 3*/4* - 09.10, 23.10"
"Е532","Екскурзия до Букурещ, Синая, Бран и Брашов (от София и Велико Търново)","166","2","0.912","1","1","1","0.13","GlobalTour","7","68-7","166.00","Екскурзия до Букурещ, Синая, Бран и Брашов от София и Велико Търново"
"Е422","Буенос Айрес, водопадите Игуасу, Рио де Жанейро и Амазония","4929","15","0.9","1","1","1","0","2МКО","1913","20-1913","4929.00","БУЕНОС АЙРЕС, водопадите ИГУАСУ, РИО ДЕ ЖАНЕЙРО и АМАЗОНИЯ"
"П1101","Армения и Грузия – Пътешествие из Кавказките съкровища (хотели 3★)","1171","7","0.9","1","1","1","0","Abax.bg","3108","109-3108","1171.37","Армения и Грузия – Пътешествие из Кавказките съкровища хотели 3*"
"Е642","Най-доброто от Кения и Танзания с водач от България","4499","7","0.9","1","1","1","0","Bohemia","6000004769","21-6000004769","4499.00","Най-доброто от Кения и Танзания с водач от България"
"П1115","Почивка на остров Мавриций","2410","7","0.9","1","1","1","0","MarbroTours","201","63-201","2410.00","Почивка на остров Мавриций"
"Е414","Най-доброто от Виетнам и Камбоджа","2556","7","0.9","1","1","1","0","Bohemia","6000002074","21-6000002074","2556.00","Екскурзия - Най-доброто от ВИЕТНАМ И КАМБОДЖА"
"Е680","Виетнам – Сърцето на Югоизточна Азия","2965","10","0.9","1","1","1","0","PREMIO TRAVEL","503","92-503","2964.98","ВИЕТНАМ – СЪРЦЕТО НА ЮГОИЗТОЧНА АЗИЯ"
"Е457","Китай и Южна Корея – Величие и традиции","3323","10","0.9","1","1","1","0","PREMIO TRAVEL","389","92-389","3322.89","КИТАЙ И ЮЖНА КОРЕЯ – ВЕЛИЧИЕ И ТРАДИЦИИ"
"Е637","Най-доброто от Колумбия с водач от България","2599","9","0.9","1","1","1","0","Bohemia","6000004259","21-6000004259","2599.00","Най-доброто от Колумбия! Групов тур с водач от България!"
"Е678","Шри Ланка – Островът на подправките","2180","10","0.9","1","1","1","0","Karta Holiday","51","98-51","2180.00","Екскурзия Шри Ланка – островът на подправките"
"Е721","Шри Ланка и Малдиви – Перлите на Индийския океан","3024","8","0.9","1","1","1","0","WelcomeTravel","1345","19-1345","3035.00","Шри Ланка и Малдиви - Перлите на Индийския океан"
"Е525","Величието на Япония по време на цъфтежа на вишните","3799","9","0.9","1","1","1","0","Rual Travel","4360","31-4360","3799.00","Величието на Япония по време на цъфтежа на вишните"
"Е639","Япония и Южна Корея – Истинско очарование","4390","13","0.9","1","1","1","0","Karta Holiday","49","98-49","4390.00","Екскурзия Япония и Южна Корея - Истинско очарование!"
"П1102","Грузия и Армения – Пътешествие из Кавказките съкровища (хотели 4★)","1175","7","0.9","1","1","1","0","Abax.bg","3108","109-3108","1171.37","Армения и Грузия – Пътешествие из Кавказките съкровища хотели 3*"
"Е656","Класическа Испания – обзорна обиколка","1227","7","0.9","1","1","1","0","PREMIO TRAVEL","473","92-473","1226.59","КЛАСИЧЕСКА ИСПАНИЯ – ОБЗОРНА ОБИКОЛКА"
"Е714","Мадрид","726","4","0.9","1","1","1","0","Rual Travel","3188","31-3188","726.00","Мадрид"
"Е230","Мадрид – Барселона – Валенсия","934","6","0.9","1","1","1","0","Rual Travel","3783","31-3783","934.00","Мадрид - Барселона - Валенсия"
"П1077","Испания отблизо – класически обиколен тур с полет от София","1119","7","0.9","1","1","1","0","Abax.bg","3149","109-3149","1119.00","Испания отблизо – класически обиколен тур с полет от София"
"П576","Почивка на остров Лефкада – 7 нощувки (с включен транспорт)","479","7","0.9","1","1","1","0","Bohemia","1100004807","21-1100004807","478.64","Почивка на остров Лефкада - 7 нощувки - с включен транспорт!"
"Е711","Санторини – островът с най-красивите залези","490","5","0.9","1","1","1","0","Bohemia","6000002717","21-6000002717","490.00","Санторини - островът с най-красивите залези"
"П1044","Рим – Вечният град (4 нощувки, полет от София)","548","4","0.9","1","1","1","0","Abax.bg","3044","109-3044","548.10","РИМ - ВЕЧНИЯТ ГРАД - 4 нощувки - полет от София"
"П1076","Романтиката на Париж (4 нощувки, полет от София)","712","4","0.9","1","1","1","0","Abax.bg","3142","109-3142","712.23","РОМАНТИКАТА НА ПАРИЖ - 4 нощувки - полет от София"
"Е685","Най-доброто от Дубай – 8 дни (полет на Fly Dubai)","1390","7","0.9","1","1","1","0","Bohemia","6000004874","21-6000004874","1390.00","Най-доброто от ДУБАЙ - 8 дни, с полет на Fly Dubai!"
"П944","Почивки на Касандра – Лято 2026","320","7","0.9","1","1","1","0","NovaTours","1","116-1","320.00","Почивки на Касандра – Лято 2026"
"П906","Почивка на Малдивите – Есен","2900","7","0.9","1","1","1","0","MarbroTours","178","63-178","2900.00","Почивка на Малдивите - Есен"
"Е724","Тоскана и Венеция: Венеция – Флоренция – Сиена – Сан Джиминяно – Пиза – Лука","357","3","0.9","1","1","1","0","Rual Travel","1089","31-1089","357.00","Тоскана и Венеция: Венеция - Флоренция - Сиена - Сан Джиминяно - Пиза - Лука"
"Е463","Милано, Верона и езерата","611","3","0.9","1","1","1","0","Rual Travel","3709","31-3709","611.00","Милано, Верона и езерата"
"Е528","Сицилия – Перлата на италианския Юг (самолетна програма)","759","7","0.9","1","1","1","0","Bohemia","6000003298","21-6000003298","759.00","Сицилия - Перлата на италианския Юг - самолетна програма на български език!"
"Е465","Магията на италианските езера и езерото Лугано","811","5","0.9","1","1","1","0","Rual Travel","3779","31-3779","811.00","Магията на италианските езера и езерото Лугано"
"Е690","Сицилия – Епос от Средиземноморието","945","7","0.9","1","1","1","0","PREMIO TRAVEL","543","92-543","945.38","СИЦИЛИЯ – ЕПОС ОТ СРЕДИЗЕМНОМОРИЕТО"
"Е699","Круиз – Средиземноморска магия с Costa Smeralda","1298","8","0.9","1","1","1","0","Rual Travel","4370","31-4370","1298.00","Круиз - Средиземноморска магия - Costa Smeralda"
"Е693","Средиземноморска фантазия с MSC Meraviglia (09.10.2026)","1620","9","0.9","1","1","1","0","Apollo 2000 Ltd.","367","36-367","1620.00","СРЕДИЗЕМНОМОРСКА ФАНТАЗИЯ С MSC MERAVIGLIA 09.10.2026"
"Е659","Лефкада – изумруденият остров (3 нощувки)","200","3","0.9","1","1","1","0","Bohemia","6000001262","21-6000001262","200.00","Лефкада - изумруденият остров (3 нощувки)"
"Е658","Вълшебството на Йонийските острови – остров Лефкада","275","4","0.9","1","1","1","0","Bohemia","6000002154","21-6000002154","275.00","Вълшебството на Йонийските острови - остров Лефкада, хотел 3 *"
"Е364","Екскурзия във Франция – Ница, Кан и Монако (перлите на Лазурния бряг)","579","4","0.9","1","1","1","0","Bohemia","6000004523","21-6000004523","579.00","Екскурзия във ФРАНЦИЯ - Ница, Кан и Монако - Перлите на Лазурния бряг - със самолет и обслужване на български език!"
"Е616","Париж и Дисниленд","582","3","0.9","1","1","1","0","Doris","264","111-264","582.35","Париж и Дисниленд"
"Е727","Франция – Швейцария","838","8","0.9","1","1","1","0","Rual Travel","1052","31-1052","838.00","Франция - Швейцария"
"Е719","Дисниленд – Париж","1149","3","0.9","1","1","1","0","Rual Travel","3197","31-3197","1149.00","Дисниленд - Париж"
"Е716","Дунавски мечти – Будапеща, Братислава, Виена","325","3","0.9","1","1","1","0","Bohemia","6000003042","21-6000003042","325.00","Дунавски мечти - Будапеща - Братислава - Виена"
"Е606","Виена – изкуство и култура (самолет, на български)","429","3","0.9","1","1","1","0","Bohemia","6000002216","21-6000002216","429.00","Виена - изкуство и култура, със самолет и обслужване на български език!"
"Е697","Виена – история, изкуство и култура (самолет, на български)","479","4","0.9","1","1","1","0","Bohemia","6000004336","21-6000004336","479.00","Виена - история, изкуство и култура, със самолет и обслужване на български език!"
"Е698","Виена от София","560","4","0.9","1","1","1","0","Rual Travel","3265","31-3265","560.00","Виена от София"
"Е450","Пулия – очарованието на италианския юг","664","4","0.9","1","1","1","0","Rual Travel","3982","31-3982","664.00","Пулия - очарованието на италианския юг"
"Е694","Старите цивилизации на Средиземно море – круиз с Costa Fascinosa (10.09.2026)","1645","10","0.9","1","1","1","0","Apollo 2000 Ltd.","370","36-370","1645.00","Старите цивилизации на Средиземно море – Круиз с Costa Fascinosa 10.09.2026"
"Е691","Италия и Швейцария – Премиум – приказните езера","818","7","0.9","1","1","1","0","PREMIO TRAVEL","465","92-465","817.56","ИТАЛИЯ И ШВЕЙЦАРИЯ – ПРЕМИУМ – ПРИКАЗНИТЕ ЕЗЕРА"
"Е621","Швейцария – Небесният химн на алпийските върхове","1390","7","0.9","1","1","1","0","Mondel Travel","12801","16-12801","1390.00","ШВЕЙЦАРИЯ – Небесният химн на алпийските върхове"
"Е475","Най-доброто от Швейцария (самолет, на български)","1439","6","0.9","1","1","1","0","Bohemia","6000002771","21-6000002771","1439.00","Най-доброто от Швейцария – със самолет, на български език!"
"Е150","Ликия – земя на легенди","378","7","0.9","1","1","1","0","PREMIO TRAVEL","2","92-2","377.84","ЛИКИЯ – ЗЕМЯ НА ЛЕГЕНДИ"
"Е687","Лисабон","838","4","0.9","1","1","1","0","Rual Travel","4432","31-4432","838.00","Лисабон"
"Е686","Португалия","1150","7","0.9","1","1","1","0","Rual Travel","1270","31-1270","1150.00","Португалия"
"Е334","Мадейра – Цветната градина на Португалия","1457","7","0.9","1","1","1","0","PREMIO TRAVEL","109","92-109","1456.67","МАДЕЙРА – ЦВЕТНАТА ГРАДИНА НА ПОРТУГАЛИЯ"
"Е284","Лисабон и Порто","1882","6","0.9","1","1","1","0","2МКО","1793","20-1793","1881.55","ЛИСАБОН И  ПОРТО"
"Е506","Северен Кипър – между два свята","501","7","0.9","1","1","1","0","PREMIO TRAVEL","253","92-253","500.56","СЕВЕРЕН КИПЪР – МЕЖДУ ДВА СВЯТА"
"Е1101","Армения и Грузия – Пътешествие из Кавказките съкровища","1171","7","0.9","1","1","1","0","Abax.bg","3108","109-3108","1171.37","Армения и Грузия – Пътешествие из Кавказките съкровища хотели 3*"
"Е504","Коледа – Лондон","717","4","0.9","1","1","1","0","Rual Travel","3012","31-3012","717.00","Коледа - Лондон"
"Е649","Малта – страна на рицари","562","4","0.9","1","1","1","0","PREMIO TRAVEL","460","92-460","561.91","МАЛТА – СТРАНА НА РИЦАРИ"
"Е488","Брюксел – с вкус на шоколад (самолет, на български)","531","3","0.9","1","1","1","0","Bohemia","6000004055","21-6000004055","534.00","Брюксел - с вкус на шоколад, със самолет и обслужване на български език"
"Е567","Най-доброто от Дубай и Абу Даби – 6 дни (Wizz Air)","1035","5","0.9","1","1","1","0","Bohemia","6000005350","21-6000005350","1035.00","Най-доброто от ДУБАЙ и АБУ ДАБИ - 6 дни, с полет на Wizz Air!"
"Е566","Най-доброто от Дубай и Абу Даби – 8 дни (Wizz Air)","1175","7","0.9","1","1","1","0","Bohemia","6000005355","21-6000005355","1175.00","Най-доброто от ДУБАЙ и АБУ ДАБИ - 8 дни, с полет на Wizz Air!"
"Е598","Загадъчната Босна – екскурзия с автобус","383","4","0.9","1","1","1","0","Bohemia","6000002609","21-6000002609","383.00","Загадъчната Босна - екскурзия с автобус"
"Е381","Исландия – красота отвъд всички представи","2010","6","0.9","1","1","1","0","Karta Holiday","57","98-57","2010.00","Исландия – Красота отвъд всички представи!"
"Е451","Исландия – земя от лава и лед","2219","4","0.9","1","1","1","0","2МКО","1717","20-1717","2219.01","ИСЛАНДИЯ - ЗЕМЯ ОТ ЛАВА И ЛЕД"
"Е626","Почивка и екскурзия до Френска Полинезия и Нова Зеландия","8948","13","0.9","1","1","1","0","Alexander Tour","871","55-871","8947.61","ПОЧИВКА И ЕКСКУРЗИЯ ДО ФРЕНСКА ПОЛИНЕЗИЯ И НОВА ЗЕЛАНДИЯ"
"П1137","Почивка на о-в Крит 2026 (директен полет от София)","425","7","0.896","1","0.7","1","0.8","Abax.bg","3143","109-3143","416.19","Почивка на о-в Крит 2026 с директен полет от София"
"П1049","All Inclusive почивка в Шарм ел Шейх – Лято-Есен 2026","648","7","0.893","0.88","1","1","0.56","Abax.bg","2999","109-2999","648.32","All Inclusive Почивка в Шарм ел Шейх - Лято-Есен 2026 - полет от София"
"П850","Почивка в Малта – островът на рицарите (4 нощувки)","587","4","0.891","1","0.7","1","0.75","Bohemia","1100019338","21-1100019338","605.00","Почивка в Малта - островът на рицарите - 4 нощувки"
"П762","Почивка в Испания – Палма де Майорка (7 нощувки)","688","7","0.875","0.75","1","1","1","Emerald Travel","1415","123-1415","689.00","Почивка в Испания - Палма де Майорка, със самолет от София - 7 нощувки"
"Е700","Коледа в ОАЕ – Най-доброто от Дубай и Абу Даби (8 дни)","1315","7","0.875","0.78","1","1","0.86","Bohemia","6000005240","21-6000005240","1315.00","Коледа в ОАЕ - Най-доброто от ДУБАЙ и АБУ ДАБИ - 8 дни,  с полет на Wizz Air!"
"П1128","Почивка на о-в Крит 2026 – с включени екскурзии и директен полет","841","7","0.867","0.8","1","1","0.67","Abax.bg","3145","109-3145","841.08","Почивка на о-в Крит 2026 с включени екскурзии и директен полет от София"
"Е433","Ваканция в Египет – Кайро, Хургада и круиз по река Нил","1190","7","0.866","0.88","1","1","0.29","Bohemia","6000004118","21-6000004118","1190.00","Ваканция в ЕГИПЕТ - КАЙРО, ХУРГАДА И КРУИЗ ПО РЕКА НИЛ - с вътрешен полет!"
"Е425","Ваканция в Египет – Хургада, Кайро и круиз по река Нил","1195","7","0.866","0.88","1","1","0.29","Bohemia","6000004118","21-6000004118","1190.00","Ваканция в ЕГИПЕТ - КАЙРО, ХУРГАДА И КРУИЗ ПО РЕКА НИЛ - с вътрешен полет!"
"Е546","Съкровищата на Древен Египет – Кайро, Луксор, Хургада и оазис Фаюм","1169","7","0.844","0.89","1","1","0","Bohemia","6000004864","21-6000004864","1169.00","Съкровищата на ДРЕВЕН ЕГИПЕТ - КАЙРО, ЛУКСОР, ХУРГАДА и оазис ФАЮМ с вътрешен полет!"
"Е235","Екскурзия в Италия – Бари, Пулия (3 нощувки в хотел 3★)","359","3","0.842","0.75","1","1","0.67","Bohemia","6000004328","21-6000004328","359.00","Екскурзия в ИТАЛИЯ - БАРИ, Пулия - 3 нощувки в хотел 3*! Самолетна програма на български език!"
"Е688","Екскурзия в Италия – Перуджа, Умбрия (4 нощувки в хотел 3★)","474","4","0.842","0.75","1","1","0.67","Bohemia","6000004858","21-6000004858","474.00","Екскурзия в ИТАЛИЯ - ПЕРУДЖА, Умбрия - 4 нощувки в хотел 3*! Самолетна програма на български език!"
"П1155","Имперските столици – бюджетен вариант (Маракеш → Фес)","1050","7","0.84","0.86","1","1","0.11","Abax.bg","3162","109-3162","1050.00","ИМПЕРСКИТЕ СТОЛИЦИ - БЮДЖЕТЕН ВАРИАНТ от Маракеш до Фес- полет от София 16.10"
"Е500","Копенхаген","705","4","0.84","1","1","0.5","0","Rual Travel","4529","31-4529","705.00","Копенхаген"
"П1144","Мароко – цветове, аромати и приключения (7 нощувки в Маракеш)","518","7","0.833","0.83","1","1","0.17","Abax.bg","3222","109-3222","517.94","Мароко – цветове, аромати и приключения - 7 нощувки в Маракеш с полет от София"
"П1105","Перлите на Пулия и Кампания (полет от Варна до Бари)","970","7","0.831","0.83","1","1","0.14","Abax.bg","3179","109-3179","969.92","Перлите на Пулия и Кампания -  полет от Варна до Бари - BUDGET"
"П1141","Андалусия – Душата на Испания (Коста дел Сол + 3 екскурзии)","909","7","0.829","0.86","1","1","0","Abax.bg","3131","109-3131","908.57","Андалусия - Душата на Испания - Коста дел Сол с БОНУС 3 екскурзии"
"Е410","САЩ – Източно крайбрежие – Ню Йорк, Ниагарски водопад и Чикаго","4225","8","0.824","1","1","0","0.44","Bohemia","6000005146","21-6000005146","4225.00","Екскурзия в САЩ - ИЗТОЧНО КРАЙБРЕЖИЕ - Ню Йорк, Ниагарски водопад и Чикаго"
"Е703","За един ден на екскурзия и плаж до Неа Ираклица, Гърция","50","0","0.82","1","1","0","0.4","GlobalTour","3652","68-3652","50.40","За един ден на екскурзия и плаж до Неа Ираклица, Гърция"
"Е705","Почивка на остров Крит на база All Inclusive","845","7","0.817","0.83","1","1","0","Profi Tours","719564672","141-719564672","845.00","Почивка на остров Крит на база All Inclusive 7 нощувки / 8 дни 2026"
"П1108","Почивка във Венеция – магията на Северна Италия","641","7","0.817","0.83","1","1","0","Abax.bg","3017","109-3017","640.65","ПОЧИВКА ВЪВ ВЕНЕЦИЯ - МАГИЯТА НА СЕВЕРНА ИТАЛИЯ - 7 нощувки - полет от София"
"Е638","Корфу – островът на нимфите (Potamaki Beach)","280","4","0.817","0.83","1","1","0","Bohemia","6000002852","21-6000002852","280.00","Корфу - островът на нимфите - хотел &quot;Potamaki Beach&quot; 3*"
"Е646","Богатството и романтиката на Катар (от София 2025/2026)","1120","5","0.817","0.83","1","1","0","Exotic Holiday","2470","13-2470","1120.00","БОГАТСТВОТО И РОМАНТИКАТА НА КАТАР ОТ СОФИЯ 2026"
"Е589","Рио де Жанейро и Амазония","3738","7","0.816","1","0.7","1","0","2МКО","1521","20-1521","3686.41","РИО ДЕ ЖАНЕЙРО и АМАЗОНИЯ"
"Е453","Екскурзия до Ню Йорк","3669","5","0.816","1","0.7","1","0","2МКО","1610","20-1610","3617.39","НЮ ЙОРК"
"Е591","Хаваи","4126","6","0.816","1","0.7","1","0","2МКО","2004","20-2004","4075.00","ХАВАИ"
"Е590","Сингапур и Бали","2856","9","0.816","1","0.7","1","0","2МКО","1986","20-1986","2804.44","СИНГАПУР И БАЛИ"
"Е587","Япония и Сеул","4441","12","0.816","1","0.7","1","0","2МКО","2030","20-2030","4389.00","ЯПОНИЯ И СЕУЛ"
"Е709","Почивка на остров Лефкада","340","5","0.816","1","0.7","1","0","Doris","522","111-522","329.80","Почивка на остров Лефкада"
"Е568","Почивка в Дубай и Абу Даби – 6 дни (полет на Wizz Air)","620","5","0.816","0.83","0.7","1","0.83","KaraciTours","51133","160-51133","650.00","Приключения в Абу Даби и Дубай – 6 дни с полет на Wizz Air"
"Е509","Перлите на Португалия","1277","7","0.816","1","0.7","1","0","Bohemia","6000003251","21-6000003251","1259.00","Перлите на Португалия"
"П1156","Мароко от А до Я (от Фес до Маракеш, хотели 3*/4*)","1094","7","0.815","0.75","1","1","0.4","Abax.bg","3047","109-3047","1094.16","МАРОКО от А до Я  - от Фес до Маракеш -хотели 3*/4*-  09.10, 23.10 - полет от София"
"П1041","Йордания от А до Я – Петра и пустинята Уади Рум","766","7","0.814","0.71","1","1","0.57","Abax.bg","3035","109-3035","766.43","Йордания от А до Я - Петра и пустинята Уади Рум - BESTSELLER - хотели 4* - полет от София"
"Е726","Почивка в Коста дел Сол – Малага, Испания","856","7","0.813","0.83","0.7","1","0.8","Profi Tours","719564644","141-719564644","890.00","Почивка в Коста дел Сол - Малага, Испания 2026"
"Е615","Екскурзия и шопинг в Одрин","49","0","0.813","1","1","0","0.33","GlobalTour","5","68-5","49.00","Екскурзия и шопинг в Одрин"
"П1062","Почивка в Лара, Турция (полет от Пловдив)","691","7","0.808","0.75","1","1","0.33","OnexTour","235","94-235","691.00","Почивка в Лара, Турция с полет от Пловдив до Анталия"
"П1132","Почивка в Испания – Мурсия, Ла Манга дел Мар Менор","619","7","0.808","0.75","1","1","0.33","Bohemia","1100005862","21-1100005862","619.00","Почивка в ИСПАНИЯ - МУРСИЯ, ЛА МАНГА ДЕЛ МАР МЕНОР -  със самолет и обслужване на български език! Гарантирани места!"
"П1075","Почивка в Малта – островът на рицарите (7 нощувки)","790","7","0.807","1","0.4","1","0.75","Bohemia","1100019333","21-1100019333","849.00","Почивка в Малта - островът на рицарите - 7 нощувки"
"П1089","Почивка в Бодрум 2026 (самолетна програма, 7 нощувки)","354","7","0.807","1","0.4","1","0.75","ToursClub","232","44-232","395.00","Почивка в Бодрум 2026: Самолетна програма със 7 нощувки"
"Е732","Карибски круиз с Пуерто Рико","2295","9","0.8","0.8","1","1","0","Apollo 2000 Ltd.","380","36-380","2295.00","Карибски круиз с Пуерто Рико 28.01.2027"
"П1147","Екзотична почивка в Мадагаскар – остров Нуси Бе","2199","7","0.8","0.8","1","1","0","Abax.bg","3217","109-3217","2199.00","ЕКЗОТИЧНА ПОЧИВКА В МАДАГАСКАР - ОСТРОВ НУСИ БЕ - 29.11.2026"
"П1150","Вкусът на Азия – Виетнам и Камбоджа (12 нощувки)","2689","12","0.8","0.8","1","1","0","Abax.bg","3200","109-3200","2689.00","Вкусът на Азия - Виетнам и Камбоджа - 12 нощувки - полет от София"
"П1078","Почивка на Халкидики – Касандра (автобус от Пловдив и София)","262","7","0.8","0.8","1","1","0","Emerald Travel","479","123-479","262.48","Почивка на Халкидики - Касандра, Гърция с автобус от София и Пловдив - 7 нощувки"
"П984","Алания – Лято 2026 (самолет, вторник, 7 нощувки)","339","7","0.8","0.8","1","1","0","AQUA TOUR","1846","97-1846","339.00","АЛАНИЯ - ЛЯТО 2026 САМОЛЕТНА ПРОГРАМА - ДЕН ВТОРНИК - 7 НОЩУВКИ"
"П1054","Лара – Лято 2026 (самолет, събота, 7 нощувки)","443","7","0.8","0.8","1","1","0","AQUA TOUR","1860","97-1860","443.00","ЛАРА - ЛЯТО 2026 САМОЛЕТНА ПРОГРАМА - ДЕН СЪБОТА - 7 НОЩУВКИ"
"П1081","Алания – Лято 2026 (самолет, събота, 7 нощувки)","357","7","0.8","0.8","1","1","0","AQUA TOUR","1848","97-1848","357.00","АЛАНИЯ - ЛЯТО 2026 САМОЛЕТНА ПРОГРАМА - ДЕН СЪБОТА - 7 НОЩУВКИ"
"П1142","Ексклузивни отстъпки – Почивка на о-в Джерба, Тунис","491","7","0.8","0.8","1","1","0","Emerald Travel","1432","123-1432","490.85","ЕКСКЛУЗИВНИ ОТСТЪПКИ - Почивка на о.Джерба, Тунис със самолет от София - 7 нощувки!"
"П862","Почивка в Испания – Коста дел Сол (хотел Fuengirola Park 4★)","679","7","0.8","0.67","1","1","0.67","Bohemia","1100005849","21-1100005849","679.00","Почивка в ИСПАНИЯ - КОСТА ДЕЛ СОЛ, хотел &quot;Fuengirola Park&quot; **** -  със самолет и обслужване на български език! Гарантирани места!"
"П1074","Рим – Вечният град 2026 (3 нощувки)","525","3","0.8","0.8","1","1","0","Abax.bg","3043","109-3043","524.59","РИМ - ВЕЧНИЯТ ГРАД 2026 - 3 нощувки -  полет от София"
"П1146","Перлите на Пулия и Базиликата + бонус 6 екскурзии","981","7","0.8","0.8","1","1","0","Abax.bg","3076","109-3076","980.66","Перлите на Пулия и Базиликата + БОНУС 6 включени екскурзии"
"П1120","Почивка в Кушадасъ (самолет от София до Измир, 7 нощувки)","325","7","0.8","0.75","1","1","0.25","Emerald Travel","63","123-63","324.58","Почивка в Кушадасъ, Турция със самолет от София до Измир - 7 нощувки"
"П763","Почивка в Алания (полет от Пловдив до Анталия)","368","7","0.8","0.75","1","1","0.25","OnexTour","219","94-219","368.00","Почивка в Алания, Турция с полет от Пловдив до Анталия"
"П1088","Почивка в Кушадасъ (полет от София до Бодрум)","371","7","0.8","0.75","1","1","0.25","OnexTour","187","94-187","371.00","Почивка в Кушадасъ, Турция с полет от София до Бодрум"
"П552","Почивка в Бодрум (самолет от София, събота, 7 нощувки)","380","7","0.8","0.75","1","1","0.25","Emerald Travel","1135","123-1135","380.00","Почивка в Бодрум, Турция със самолет от София в Събота - 7 нощувки"
"П988","Почивка в Алания (самолет от София, неделя, 7 нощувки)","404","7","0.8","0.75","1","1","0.25","Emerald Travel","558","123-558","403.73","Почивка в Алания, Турция със самолет от София в Неделя - 7 нощувки"
"П1134","Почивка в Сиде (самолет от София, неделя, 7 нощувки)","422","7","0.8","0.75","1","1","0.25","Emerald Travel","565","123-565","421.86","Почивка в Сиде, Турция със самолет от София в Неделя - 7 нощувки"
"П922","Почивка в Бодрум (самолет от София, четвъртък, 7 нощувки)","428","7","0.8","0.75","1","1","0.25","Emerald Travel","55","123-55","427.66","Почивка в Бодрум, Турция със самолет от София в Четвъртък - 7 нощувки"
"Е474","Екскурзия в Дания – Копенхаген, градът на приказките","649","4","0.783","0.67","1","1","0.5","Bohemia","6000004799","21-6000004799","649.00","Екскурзия в ДАНИЯ - КОПЕНХАГЕН, градът на приказките и щастливите хора, 4 НОЩУВКИ!"
"Е702","Почивка на остров Евия в Едипсос – море и СПА оазис","320","5","0.778","0.67","1","1","0.44","AlbatrosTours","262","139-262","320.00","Почивка ГЪРЦИЯ на остров ЕВИЯ в ЕДИПСОС море и СПА оазис - дар за Херакъл!"
"П1116","Екскурзия в Южна Италия – Амалфи, Позитано, Неапол","784","5","0.776","0.83","0.7","1","0.43","Emerald Travel","1738","123-1738","761.48","Екскурзия в Южна Италия - Амалфи, Позитано, Неапол, със самолет от Варна - 5 нощувки"
"Е430","Южна Корея и Япония – от Сеул до Токио","4579","12","0.775","0.63","1","1","0.63","Bohemia","6000005147","21-6000005147","4579.00","Екскурзия в ЮЖНА КОРЕЯ и ЯПОНИЯ - От Сеул до Токио - Цветовете на Далечния изток!"
"П1051","Почивка в Албания 2026 – Шенгин на Адриатическо море","370","7","0.775","0.63","1","1","0.63","Mistral Travel","1660","136-1660","370.00","Почивка в АЛБАНИЯ 2026 на Адриатическо МОРЕ в ШЕНГИН курорт до Черна Гора!"
"П917","Почивка на остров Закинтос – 7 нощувки (с транспорт)","507","7","0.775","0.75","1","1","0","Bohemia","1100006971","21-1100006971","506.99","Почивка на остров Закинтос - 7 нощувки - с включен транспорт!"
"Е737","Ница – „Le beau voyage"" (самолет, на български)","539","3","0.775","0.75","1","1","0","Bohemia","6000003716","21-6000003716","539.00","Ница - &quot;Le beau voyage&quot; - със самолет и обслужване на български език!"
"П1052","Ранни записвания в Белек, Анталия (полет от Пловдив)","577","7","0.774","0.71","1","1","0.17","Belprego Travel","1213","121-1213","577.25","Ранни записвания в Белек, Анталия - Самолетна програма, 2026 /7 нощувки с полет от Пловдив"
"П898","Почивка в Испания – Тенерифе (директни чартъри)","759","6","0.773","0.67","1","1","0.4","Emerald Travel","1526","123-1526","758.93","Почивка в Испания - остров Тенерифе, директни чартъри от София"
"П939","Почивка в Бодрум (автобус от София, 5 нощувки)","205","5","0.767","0.67","1","1","0.33","Emerald Travel","65","123-65","204.93","Почивка в Бодрум, Турция с автобус от София - 5 нощувки"
"П696","Почивка в Бодрум (автобус от София, 7 нощувки)","241","7","0.767","0.67","1","1","0.33","Emerald Travel","67","123-67","240.91","Почивка в Бодрум, Турция с автобус от София - 7 нощувки"
"П1057","Почивка в Кушадасъ (автобус от София, 12 нощувки)","249","12","0.767","0.67","1","1","0.33","Emerald Travel","664","123-664","248.93","Почивка в Кушадасъ, Турция с автобус от София - 12 нощувки"
"П758","Почивка в Дидим (автобус от София, 7 нощувки)","320","7","0.767","0.67","1","1","0.33","Emerald Travel","709","123-709","320.13","Почивка в Дидим, Турция с автобус от София - 7 нощувки"
"П1055","Почивка в Сиде (самолет от София, 7 нощувки)","422","7","0.767","0.67","1","1","0.33","Emerald Travel","1383","123-1383","421.86","Почивка в Сиде, Турция със самолет от София - 7 нощувки"
"П926","Почивка в Алания (самолет от София, 5 нощувки)","475","5","0.767","0.67","1","1","0.33","Emerald Travel","559","123-559","476.97","Почивка в Алания, Турция със самолет от София - 5 нощувки"
"П925","Почивка в Анталия (полет от София)","517","7","0.767","0.67","1","1","0.33","OnexTour","36","94-36","517.00","Почивка в Анталия, Турция с полет от София"
"П943","Почивка в Белек (самолет от София, 7 нощувки)","565","7","0.767","0.67","1","1","0.33","Emerald Travel","1373","123-1373","564.94","Почивка в Белек, Турция със самолет от София - 7 нощувки"
"П940","Почивка в Гърция – остров Корфу (7 нощувки, полет)","568","7","0.766","0.75","0.7","1","0.75","Bohemia","1100019855","21-1100019855","595.00","Почивка в ГЪРЦИЯ - ОСТРОВ КОРФУ - 7 нощувки - полет от София!"
"Е676","Екскурзия в Италия – Рим, магията на Империята (4 нощувки, втора програма)","619","4","0.766","0.57","1","1","0.8","Bohemia","6000005466","21-6000005466","619.00","Екскурзия в ИТАЛИЯ - РИМ - магията на Империята, 4 нощувки със самолет и обслужване на български език! С директен полет от ВАРНА!"
"П1160","All Inclusive почивка в Хургада – с полет от Пловдив","639","7","0.762","0.67","1","1","0.29","Abax.bg","3274","109-3274","639.11","All Inclusive почивка в Хургада с полет от Пловдив - ЕСЕН 2026"
"П1140","All Inclusive почивка в Хургада – с полет от София","659","7","0.762","0.67","1","1","0.29","Abax.bg","3010","109-3010","653.94","All Inclusive почивка в Хургада с полет от София - ЕСЕН 2026"
"Е127","САЩ – Източно и Западно крайбрежие с круиз по Бахамите","9940","28","0.757","0.71","1","1","0","2МКО","2099","20-2099","9853.00","САЩ - Източно и Западно крайбрежиe с круиз по Бахамите"
"Е713","Екскурзия до Кавала, остров Тасос и плажът Амолофи","148","2","0.757","0.71","1","1","0","AnaTravel","724","26-724","148.00","Екскурзия до Кавала, остров Тасос и плажът Амолофи с две нощувки в хотел Esperia 3***"
"П1036","Златна Прага – от София (4 нощувки, Wizz Air)","438","4","0.756","1","0.7","0.5","0","Abax.bg","3091","109-3091","427.44","ЗЛАТНА ПРАГА - от СОФИЯ - 3 нощувки- Wizz air"
"Е624","Екскурзия в Швеция, Финландия и Естония – Стокхолм, Хелзинки, Талин","929","5","0.75","0.67","1","1","0.17","Bohemia","6000004551","21-6000004551","929.00","Екскурзия в ШВЕЦИЯ, ФИНЛАНДИЯ и ЕСТОНИЯ – Стокхолм, Хелзинки и Талин, с включени 2 нощувки на круизен кораб! Със самолет и обслужване на български език!"
"Е617","Екскурзия в Етиопия – незабравимо пътуване по Северния маршрут","3378","6","0.743","0.57","1","1","0.57","Bohemia","6000005029","21-6000005029","3378.00","Екскурзия в ЕТИОПИЯ  – Незабравимо пътуване по Северния исторически път с водач на български език!"
"Е579","САЩ Западно крайбрежие с круиз по Бахамите","6511","17","0.733","0.67","1","1","0","2МКО","1590","20-1590","6460.17","САЩ - Западно крайбрежиe, с круиз по Бахамите"
"Е655","Косово – новородената държава (22 септември)","245","3","0.733","0.67","1","1","0","AlbatrosTours","606","139-606","245.00","22 Септември екскурзия КОСОВО – новородената държава в сърцето на ДАРДАНИЯ!"
"Е557","Кения: Дивото сърце на Африка","3970","7","0.732","1","0.4","1","0","MarbroTours","128","63-128","3520.00","Кения: Дивото сърце на Африка"
"Е283","Виетнам, Камбоджа и Тайланд","4106","15","0.732","1","0.4","1","0","2МКО","2131","20-2131","4415.00","ВИЕТНАМ, КАМБОДЖА И ТАЙЛАНД"
"Е341","Париж – уикенд","774","3","0.732","1","0.4","1","0","Rual Travel","3225","31-3225","818.00","Париж - уикенд"
"Е229","Очарованието на италианската и френската ривиера","765","5","0.732","1","0.4","1","0","Rual Travel","3520","31-3520","816.00","Очарованието на италианската и френската ривиера"
"Е632","Свети Валентин в Париж (самолет, на български)","749","3","0.725","0.6","1","1","0.25","Bohemia","6000003244","21-6000003244","749.00","Екскурзия във ФРАНЦИЯ - Свети Валентин в ПАРИЖ, 3 нощувки със самолет и обслужване на български език!"
"П908","Почивка в Италия – Пулия (Grand Hotel dei Cavalieri 4★)","689","7","0.724","0.75","0.7","1","0.33","Bohemia","1100006087","21-1100006087","696.00","Почивка в ИТАЛИЯ - ПУЛИЯ, хотел Grand Hotel dei Cavalieri 4* - със самолет и обслужване на български език! Гарантирани места!"
"П532","Почивка в Тунис (самолет от София, четвъртък, 7 нощувки)","381","7","0.72","1","0","1","1","Emerald Travel","982","123-982","311.25","Почивка в Тунис със самолет от София в четвъртък - 7 нощувки"
"П1131","Почивка в Италия – Римини (хотел Vittoria 4★)","689","7","0.717","0.5","1","1","0.67","Bohemia","1100020167","21-1100020167","689.00","Почивка в ИТАЛИЯ - РИМИНИ, хотел Vittoria 4* - с директен полет до Римини и обслужване на български език! Гарантирани места!"
"Е735","Магичният свят на Вроцлав и Краков","535","4","0.717","0.5","1","1","0.67","Bohemia","6000005052","21-6000005052","535.00","Екскурзия в ПОЛША - вълшебният свят на Вроцлав и Краков!"
"Е710","Корфу – островът на нимфите (хотел Hellinis 3★)","295","4","0.716","0.8","0.7","1","0","Bohemia","6000003756","21-6000003756","310.00","Корфу - островът на нимфите - хотел &quot;Hellinis&quot; 3*"
"П986","Кемер – Лято 2026 (самолет, вторник, 7 нощувки)","308","7","0.716","0.8","0.7","1","0","AQUA TOUR","1854","97-1854","324.00","КЕМЕР - ЛЯТО 2026 САМОЛЕТНА ПРОГРАМА - ДЕН ВТОРНИК - 7 НОЩУВКИ"
"П1082","Кемер – Лято 2026 (самолет, събота, 7 нощувки)","357","7","0.716","0.8","0.7","1","0","AQUA TOUR","1856","97-1856","340.00","КЕМЕР - ЛЯТО 2026 САМОЛЕТНА ПРОГРАМА - ДЕН СЪБОТА - 7 НОЩУВКИ"
"Е431","Екскурзия в Япония – Токио, Фуджи, Киото, Осака","3999","8","0.713","0.71","0.7","1","0.4","Bohemia","6000005537","21-6000005537","3894.00","Екскурзия в ЯПОНИЯ - Токио, Фуджи, Киото, Осака, съкровищата на Япония - с водач от България! ПОЛЕТ от ВАРНА!"
"П1039","Мечтана Сицилия + бонус 6 екскурзии (Athena Resort 4★)","773","7","0.713","0.63","1","1","0","Abax.bg","3011","109-3011","773.07","Мечтана Сицилия + БОНУС 6 екскурзии - Athena Resort Village 4* Superior полет от София"
"П1130","Сицилия – Athena Resort Village 4★ Superior","691","7","0.713","0.63","1","1","0","Abax.bg","3083","109-3083","690.76","Загадъчна Сицилия + БОНУС 3 екскурзии - Athena Resort Village 4* Superior полет от София"
"Е519","Екскурзия в Мароко – имперските градове","1149","7","0.71","0.5","1","1","0.6","Bohemia","6000001685","21-6000001685","1149.00","Екскурзия в МАРОКО - имперските градове - със самолет, водач от България! Отстъпки за ранни записвания!"
"П556","Почивка в Гърция – остров Корфу (4 нощувки, полет)","400","4","0.706","0.75","0.7","0.5","0.75","Bohemia","1100019819","21-1100019819","384.78","Почивка в ГЪРЦИЯ - ОСТРОВ КОРФУ - 3 нощувки - полет от София!"
"Е641","Почивка в Танзания – о-в Занзибар","2080","6","0.7","0.5","1","1","0.5","Bohemia","6000005150","21-6000005150","2080.00","Почивка в ТАНЗАНИЯ - о-в Занзибар - завладяващ и колоритен!"
"Е715","Китай, Хон Конг и Макао","2556","10","0.7","0.6","1","1","0","Rual Travel","3925","31-3925","2556.00","Китай, Хонг Конг и Макао"
"Е671","Китай и Планините от Аватар – Джангдзяцзи","2658","10","0.7","0.6","1","1","0","WelcomeTravel","807","19-807","2665.00","КИТАЙ И ПЛАНИНИТЕ ОТ АВАТАР 2026 - 20.09, 05.10"
"П1046","Почивка в Кампания с вкус на лимончело (полет от София)","445","7","0.7","1","0","1","0.8","Abax.bg","2963","109-2963","691.27","Почивка в КАМПАНИЯ с вкус на лимончело - полет от София - 7 нощувки"
"Е412","Париж – градът на светлината","699","3","0.7","0.6","1","1","0","Bohemia","6000000855","21-6000000855","699.00","Екскурзия във Франция - ПАРИЖ - градът на светлината"
"Е692","Екскурзия в Унгария – Будапеща (специална ваканционна програма)","389","3","0.7","0.5","1","1","0.5","Bohemia","6000003916","21-6000003916","389.00","Екскурзия в УНГАРИЯ - БУДАПЕЩА - Специална ваканционна програма за туристи над 55 години и приятели!"
"П1043","Почивка в тюркоазена Сардиния (полет от София)","486","7","0.695","1","0","1","0.75","Abax.bg","2976","109-2976","702.00","Почивка в тюркоазена Сардиния - полет от София"
"Е174","Екскурзия до Банкок, Сингапур, Камбоджа и о-в Пукет","3090","12","0.692","1","0.4","0.5","0.2","Karta Holiday","50","98-50","2890.00","Екскурзия до Банкок, Сингапур, Камбоджа и о-в Пукет"
"Е501","Европейските столици – Будапеща, Братислава, Прага и Виена","355","4","0.691","0.75","0.7","1","0","Doris","210","111-210","360.00","Европейските столици преди Коледа - Будапеща, Братислава, Прага и Виена"
"Е455","Легенди от Румъния – Букурещ, Синая, Бран и Брашов","164","2","0.691","0.75","0.7","1","0","AdvenTour","441","138-441","169.00","Легенди от Румъния ✔️ Букурещ, Синая, Бран и Брашов ✔️ от Кюстендил и Перник"
"П1059","Почивка в Коста Брава (редовен полет)","553","7","0.69","0.5","1","1","0.4","OnexTour","182","94-182","553.00","Почивка в Коста Брава от София"
"П999","Алания – Лято 2026 (автобусна програма, 7 нощувки)","270","7","0.686","0.57","1","1","0","Belprego Travel","1151","121-1151","270.47","Ранни записвания Алания Лято 2026 от София - Автобусна програма 7 нощувки"
"П1038","Автентична Сицилия (Torre Normanna 4★) + 6 екскурзии","1022","7","0.686","0.57","1","1","0","Abax.bg","3007","109-3007","1021.56","АВТЕНТИЧНА СИЦИЛИЯ - Torre Normanna 4* + БОНУС 6 включени екскурзии - полет от София"
"Е618","Почивка в Испания – остров Майорка","784","7","0.682","0.75","0.4","1","0.75","Profi Tours","719564654","141-719564654","859.00","Почивка в Испания - остров Майорка 2026 г."
"П1162","Златна Испания – Почивка в Коста Дорада 2026","471","7","0.68","1","0","1","0.6","Abax.bg","2903","109-2903","690.24","ЗЛАТНА ИСПАНИЯ - Почивка в Коста Дорада 2026"
"Е529","Екскурзия в Италия – уикенд в Болоня (Емилия Романя), самолет","357","3","0.68","1","0","1","0.6","Bohemia","6000004844","21-6000004844","599.00","Екскурзия в ИТАЛИЯ – уикенд в Болоня, ЕМИЛИЯ РОМАНЯ, със самолет, на български език!"
"П1035","Ексклузивно Мароко 2026 – имперските столици (кацане във Фес)","1125","7","0.678","0.56","1","1","0","Abax.bg","3042","109-3042","1124.84","ЕКСКЛУЗИВНО МАРОКО - ИМПЕРСКИТЕ СТОЛИЦИ - от Фес до Маракеш - хотели 3*/4* - 09.10, 23.10"
"Е540","Екскурзия в Китай – тайните на Изтока с посещение на Шаолин","3389","12","0.676","0.83","0.4","1","0.27","Bohemia","6000004099","21-6000004099","3196.00","Екскурзия в КИТАЙ – тайните на Изтока, с посещение на манастира Шаолин!"
"Е597","Екскурзия в Армения – Ереван, природа, култура и древни традиции (самолет)","779","4","0.67","1","0","1","0.5","Bohemia","6000005214","21-6000005214","959.00","Екскурзия в АРМЕНИЯ - Ереван - природа, култура и древни традиции - със самолет, на български език!"
"Е518","Най-доброто от Италия – Милано, Пиза, Флоренция, Рим","1124","6","0.669","0.54","1","1","0","Bohemia","6000002374","21-6000002374","1124.00","Най-доброто от Италия - &gt; Милано – Генуа – Пиза – Флоренция  – Сиена – Орвието – Рим, със самолет, на български език! Отстъпки за ранни записвания!"
"П723","Почивка в Тунис (самолет от София, сряда, 7 нощувки)","366","7","0.667","0.4","1","1","0.67","Emerald Travel","1609","123-1609","369.09","ЕКСКЛУЗИВНИ ОТСТЪПКИ - Почивка в Тунис със самолет от София - 7 нощувки"
"Е706","Природен феномен Метеора – Катерини Паралия – Солун","148","2","0.664","0.67","0.7","1","0.14","AnaTravel","313","26-313","145.00","Екскурзия до Метеора, Паралия Катерини и Солун"
"П1097","Слънчева Андалусия 2026 – Почивка в Коста дел Сол","432","7","0.663","1","0","1","0.43","Abax.bg","2879","109-2879","814.49","СЛЪНЧЕВА АНДАЛУСИЯ 2026 - Почивка в Коста дел Сол"
"Е603","Екскурзия в Китай, Хон Конг и Макао с посещение на Шаолин – с водач от България","2869","8","0.661","0.5","1","1","0.11","Bohemia","6000005069","21-6000005069","2869.00","Екскурзия в КИТАЙ - Китай, Хонконг и Макао, с посещение на манастира Шаолин - с водач от България!"
"П1099","Португалия от А до Я 2026 (полет от София)","1202","7","0.66","1","0","1","0.4","Abax.bg","3003","109-3003","915.21","Португалия от А до Я 2026 - полет от София - хотели 3*/4*"
"Е396","Страната на баските – със самолет, на български език","1277","7","0.65","0.5","1","1","0","Bohemia","6000002552","21-6000002552","1277.00","Страната на баските - със самолет, на български език! Гарантирани места!"
"П1125","Мини почивка на Олимпийска Ривиера (Cronwell Platamon 5★)","339","3","0.65","0.5","1","1","0","WelcomeTravel","7933","19-7933","339.00","МИНИ ПОЧИВКА НА ОЛИМПИЙСКА РИВИЕРА, ГЪРЦИЯ - 23.09"
"П829","Почивка в Анталия (полет от Пловдив)","696","7","0.65","0.5","1","1","0","OnexTour","235","94-235","691.00","Почивка в Лара, Турция с полет от Пловдив до Анталия"
"Е559","Милано и италианските езера","530","3","0.65","0.5","1","1","0","Doris","255","111-255","530.10","Милано и италиански езера"
"Е234","Виена – Будапеща","320","3","0.65","0.4","1","1","0.5","GlobalTour","30","68-30","319.00","Екскурзия до Виена, Будапеща и Братислава - 3 европейски столици"
"Е396","Страната на баските (самолет, на български)","1277","7","0.65","0.5","1","1","0","Bohemia","6000002552","21-6000002552","1277.00","Страната на баските - със самолет, на български език! Гарантирани места!"
"Е666","Формула 1 Гран При в Абу Даби 2026 (от София)","1400","3","0.65","0.4","1","1","0.5","Belprego Travel","1098","121-1098","1400.00","FORMULA 1 GRAND PRIX в Абу Даби 2026 от София"
"Е569","Перлите на Адриатика – екскурзия с автобус (Черна Гора)","329","3","0.65","0.5","1","1","0","Bohemia","6000001318","21-6000001318","329.00","Перлите на Адриатика - екскурзия с автобус"
"Е456","Легенди от Румъния – Букурещ, Синая, Бран и Брашов (втора програма)","164","2","0.649","0.67","0.7","1","0","AdvenTour","441","138-441","169.00","Легенди от Румъния ✔️ Букурещ, Синая, Бран и Брашов ✔️ от Кюстендил и Перник"
"П1061","Аристократична Емилия Романа – почивка в Римини","523","7","0.64","1","0","1","0.2","Abax.bg","2970","109-2970","722.46","Аристократична Емилия Романа - почивка в Римини"
"П1163","Лазурното сърце на Коста Бланка – Почивка в Бенидорм","594","7","0.637","1","0","1","0.17","Abax.bg","2904","109-2904","903.45","Лазурното сърце на Коста Бланка - Почивка в Бенидорм"
"П1121","Почивка в Чешме (самолет от София, 7 нощувки)","573","7","0.633","0.4","1","1","0.33","Emerald Travel","1025","123-1025","572.87","Почивка в Чешме, Турция със самолет от София до Измир в сряда - 7 нощувки"
"П987","Сиде – Лято 2026 (самолет, събота, 7 нощувки)","427","7","0.632","0.8","0.4","1","0","AQUA TOUR","1864","97-1864","404.00","СИДЕ - ЛЯТО 2026 САМОЛЕТНА ПРОГРАМА - ДЕН  СЪБОТА  - 7 НОЩУВКИ"
"П1113","Перлите на Сардиния и Корсика + бонус 5 екскурзии","1026","7","0.632","0.8","0.4","1","0","Abax.bg","3184","109-3184","941.29","Перлите на Сардиния и Корсика + БОНУС 5 екскурзии от Варна"
"Е252","Почивка на остров Закинтос – перлата на Йонийските острови","522","7","0.627","0.45","1","1","0","AnaTravel","831","26-831","522.00","Почивка на Остров Закинтос - Перлата на Йонийските острови, с възможност за посещение на остров Кефалония седем нощувки със закуски и вечери"
"П1056","Почивка в Кемер (самолет от София, петък, 7 нощувки)","406","7","0.625","0.4","1","1","0.25","Emerald Travel","569","123-569","406.06","Почивка в Кемер, Турция със самолет от София в Неделя - 7 нощувки"
"П1085","Почивка в Пукет, Тайланд (редовен полет, 7 нощувки)","1266","9","0.623","0.5","1","0.5","0.33","OnexTour","619","94-619","1278.00","Почивка в Пукет, Тайланд от София 7 + 1 нощувки"
"П1048","8 дни в Анталия – турската ривиера (полет от София)","454","7","0.622","0.67","0.4","1","0.57","Abax.bg","2988","109-2988","417.73","8 дни в Анталия - Турската ривиера Ви очаква с полет от София 2026"
"П938","Почивка на остров Тасос – 5 нощувки (Ntinas Filoxenia 4★)","393","5","0.622","0.44","1","1","0","Bohemia","1100020036","21-1100020036","392.60","Почивка на остров Тасос - 5 нощувки със закуски и вечери - хотел &quot;Ntinas Filoxenia&quot; 4* - с организиран транспорт!"
"П1117","Почивка в Алания (самолет от София, 7 нощувки)","373","7","0.615","0.67","0.4","1","0.5","Doris","851","111-851","411.61","Почивка в Алания с чартърен полет от София"
"Е730","Златният триъгълник на Индия – Делхи, Джайпур и Агра (5★ хотели)","1950","7","0.612","1","0.4","0","0","AVIVA TRAVEL","4740","183-4740","1800.00","ИНДИЯ - ДЕЛХИ, ДЖАЙПУР и АГРА (Златният триъгълник)"
"Е507","Исландия – страната на елфите, троловете и северното сияние","2370","5","0.607","0.75","0.4","1","0","Rual Travel","3849","31-3849","2101.00","Исландия - страната на елфите, троловете и северното сияние - октомври 2026"
"П951","Почивка в Хургада, Египет – със самолет от София","461","7","0.6","0.33","1","1","0.33","OnexTour","615","94-615","465.00","Почивка в Хургада с чартър от София - ПРОМО ЦЕНИ"
"Е517","Съкровищата на Испания – със самолет, на български език","1139","7","0.6","0.4","1","1","0","Bohemia","6000002906","21-6000002906","1139.00","Съкровищата на Испания - със самолет, на български език! Отстъпки за ранни записвания!"
"П771","Почивка на Олимпийска Ривиера (автобус, 7 нощувки)","268","7","0.6","0.4","1","1","0","Emerald Travel","640","123-640","267.88","Почивка на Олимпийска Ривиера, Гърция с автобус от Пловдив и София - 7 нощувки"
"П934","Почивка в Италия – Сицилия (хотел Orizzonte 4★)","689","7","0.6","0.4","1","1","0","Abax.bg","3000","109-3000","691.78","СИЦИЛИЯ ОТ А ДО Я - ДУШАТА НА ИТАЛИЯ - полет от София"
"Е560","Милано и италианските езера (втора програма)","530","3","0.6","0.4","1","1","0","Doris","255","111-255","530.10","Милано и италиански езера"
"П985","Белек – Лято 2026 (самолет, събота, 7 нощувки)","396","7","0.595","0.33","1","1","0.29","ToursClub","241","44-241","394.00","Почивка в Белек 2026: Самолетна програма със 7 нощувки от София"
"П1090","Почивка в Кушадасъ 2026 (самолет от София до Измир)","293","7","0.587","0.8","0","1","0.67","ToursClub","234","44-234","351.00","Почивка в Кушадасъ 2026: Самолетна програма със 7 нощувки с полет от София до Измир"
"Е672","Най-доброто от Южна Африка – от Кейптаун до сафари","3525","7","0.579","0.36","1","1","0","Bohemia","6000005031","21-6000005031","3525.00","НАЙ-ДОБРОТО ОТ ЮЖНА АФРИКА - От оживения град Кейптаун до неукротимата пустош на национален парк &quot;Крюгер&quot; - с водач от България!"
"Е636","Екскурзия в Испания – Великолепният Мадрид","619","3","0.572","0.67","0.4","0.5","0.67","Bohemia","6000003121","21-6000003121","669.00","Екскурзия в ИСПАНИЯ - Нова година в Мадрид - 4 НОЩУВКИ, със самолет, обслужване на български език!"
"П935","Почивка в Италия – Сицилия (хотел Sporting Baia 4★)","689","7","0.567","0.33","1","1","0","Abax.bg","3000","109-3000","691.78","СИЦИЛИЯ ОТ А ДО Я - ДУШАТА НА ИТАЛИЯ - полет от София"
"Е734","Най-доброто от Полша","919","7","0.567","0.33","1","1","0","Bohemia","6000005056","21-6000005056","919.00","Екскурзия &quot;Най-доброто от ПОЛША&quot; - Вроцлав, Познан, Гданск, Варшава  и Краков!"
"П924","Почивка в Анталия (полет от Бургас)","738","7","0.566","0.5","0.7","1","0","OnexTour","253","94-253","708.00","Почивка в Лара, Турция с полет от Бургас до Анталия"
"П1143","Почивка в Лара, Турция (самолет от Пловдив, петък)","745","7","0.557","0.6","0.4","1","0.25","OnexTour","235","94-235","691.00","Почивка в Лара, Турция с полет от Пловдив до Анталия"
"П945","Халкидики – Ситония, почивки на море (автобус)","385","7","0.55","0.3","1","1","0","Solvex TA","11687","43-11687","385.00","Халкидики - Ситония - почивки на море, Дати: Всяка събота от 23.05 до 19.09, автобусна почивка от София, Пловдив и Пазарджик"
"Е485","Коледа в Белград","329","3","0.549","0.33","0.7","1","0.67","Bohemia","6000002497","21-6000002497","315.00","Екскурзия в Сърбия - Нова година в Белград"
"П936","Почивка в Кемер 2025 (самолет от София, 7 нощувки)","298","7","0.545","0.25","1","1","0.2","Emerald Travel","1527","123-1527","297.26","Почивка в Тунис със самолет от София - 7 нощувки"
"Е684","Опознай Индия – Делхи, Агра, Джайпур, Джодхпур, Удайпур","2152","11","0.543","0.29","1","1","0","WelcomeTravel","1412","19-1412","2170.00","ОПОЗНАЙ ИНДИЯ"
"Е736","Дъхът на Краков","399","2","0.54","0.2","1","1","0.4","Bohemia","6000005307","21-6000005307","399.00","Екскурзия в ПОЛША - КРАКОВ на един дъх"
"П1123","Приказна почивка в Пулия (с екскурзия до Бари)","531","7","0.535","0.75","0","1","0.4","Abax.bg","2984","109-2984","738.31","Приказна почивка в Пулия с включена екскурзия на Бари"
"Е544","Дубай и Абу Даби – 5 нощувки + 4 екскурзии и 4 вечери включени","1100","5","0.535","0.33","1","0.5","0.29","Euphoria Travel","1218","184-1218","1099.00","Нова година в Израел - 4 нощувки с включени вечери"
"П1070","Почивка в Тенерифе (Alexandre Hotel Gala 4★)","1081","6","0.533","0.2","1","1","0.33","Emerald Travel","1639","123-1639","1081.23","Почивка в Испания - остров Тенерифе, директни чартъри от София - ALEXANDRE HOTELS"
"П1127","Почивка на Олимпийска Ривиера (автобус, 5 нощувки)","319","5","0.53","0.5","1","0","0","NovaTours","4","116-4","320.00","Почивки на Олимпийска ривиера - Лято 2026"
"Е411","Париж – любов и романтика (самолет, на български)","799","4","0.53","0.43","0.7","1","0","Bohemia","6000005518","21-6000005518","809.00","Екскурзия във ФРАНЦИЯ - Париж - любов и романтика! Директен полет от ВАРНА!"
"П1122","Мечтана Италия – Римини + бонус 5 екскурзии","954","7","0.525","0.2","1","1","0.25","Abax.bg","3209","109-3209","961.23","КАМПАНИЯ от А до Я с БОНУС 5 екскурзии"
"П726","Почивка в Алания (автобус от София, 7 нощувки)","242","7","0.525","0.25","1","1","0","Emerald Travel","67","123-67","240.91","Почивка в Бодрум, Турция с автобус от София - 7 нощувки"
"П733","Почивка в Алания (самолет от Пловдив, петък, 7 нощувки)","403","7","0.525","0.2","1","1","0.25","Emerald Travel","1553","123-1553","402.61","Почивка в Алания, Турция със самолет от Бургас - 7 нощувки"
"П1047","Романтиката на Френската ривиера и Лигурия + 6 екскурзии","711","7","0.52","0.8","0","1","0","Abax.bg","3079","109-3079","1006.22","Романтиката на Френската Ривиера и Лигурия + БОНУС 6 екскурзии"
"Е326","Прибалтика – новото лице на Европа","945","7","0.52","0.8","0","1","0","PREMIO TRAVEL","470","92-470","1175.46","ПРИБАЛТИКА – НОВОТО ЛИЦЕ НА ЕВРОПА – ПОЛЕТ ОТ БУРГАС"
"Е712","Йонийска мечта – Лефкада, Кефалония и Закинтос","305","4","0.516","0.4","0.7","1","0","Bohemia","6000002876","21-6000002876","319.00","Йонийска мечта"
"П1159","Перлите на Коста Дорада (+ 5 екскурзии)","936","7","0.516","0.4","0.7","1","0","Abax.bg","3095","109-3095","985.26","Перлите на Коста Брава с БОНУС 5 екскурзии"
"П1050","Тунис 2026 – 8 дни All Inclusive (полет от София)","388","7","0.5","0.17","1","1","0.17","OnexTour","580","94-580","387.00","Почивка в Римини от София"
"П455","Остров Крит – Лято 2026 (7 нощувки, самолет)","448","7","0.5","0.2","1","1","0","Solvex TA","11077","43-11077","451.00","Остров Крит - 7 нощувки, Дати: Всяка неделя от 31.05 до 04.10, самолетна почивка от София с полет до Хераклион"
"Е738","Мароко – Южна магия (8 дни)","1059","7","0.5","0.17","1","1","0.17","Bohemia","6000005413","21-6000005413","1059.00","Ваканция в МАРОКО - Маракеш и почивка в Агадир!"
"Е612","10 дни Исландия – земя на огън и лед","2957","9","0.494","0.43","1","0","0","2МКО","1737","20-1737","2950.15","ИСЛАНДИЯ - ЗЕМЯ ОТ ЛАВА И ЛЕД - УДЪЛЖЕН ВАРИАНТ."
"П946","Почивки на Халкидики – Ситония","421","7","0.492","0.4","0.4","1","0.6","Bohemia","1100005128","21-1100005128","398.08","Почивка в ГЪРЦИЯ - ХАЛКИДИКИ - 1-ви ръкав Касандра и 2-ри ръкав Ситония - 7 нощувки!"
"Е247","Плитвички езера, Постойна яма, езерото Блед – магията на Балканите","344","3","0.491","0.18","1","1","0","Rual Travel","3425","31-3425","347.00","Постойна - Плитвишки езера - Загреб - Любляна"
"Е593","Самолетна екскурзия до Рим (3 нощувки, панорамна обиколка с екскурзовод)","525","3","0.488","0.13","1","1","0.25","Bohemia","6000001575","21-6000001575","521.00","Екскурзия в ИТАЛИЯ - РИМ - сърцето на Империята, 3 нощувки със самолет и обслужване на български език!"
"П1072","Почивка в Тенерифе (Checkin Concordia Playa 4★)","962","6","0.483","0.1","1","1","0.33","Emerald Travel","1641","123-1641","962.00","Почивка в Испания - остров Тенерифе, директни чартъри от София - ALUA 4*"
"Е575","Дубай – вълнуваща обиколка на града за 6 дни","741","5","0.483","0.17","1","1","0","MarbroTours","179","63-179","743.00","Дубай: Рай в Ориента (6 дни)"
"Е667","Катар 2026 – Формула 1 Гран При (от Варна, 3 нощувки)","1248","3","0.483","0.17","1","1","0","Belprego Travel","1080","121-1080","1247.50","QATAR 2026 - FORMULA 1 GRAND PRIX - от Варна 3 Нощувки - хотел 4* - MAIN GRANDSTAND"
"Е669","Кунг Фу и Панди – Шанхай, Чънду, Сиан, Лоян, Пекин","2505","12","0.482","0.57","0.7","0","0","WelcomeTravel","1255","19-1255","2398.00","КУНГ ФУ И ПАНДИ ШАНХАЙ - ПЕКИН - 28.06"
"П980","Малдиви – райско приключение","2275","7","0.482","0.5","0.4","1","0","Karta Holiday","120","98-120","2490.00","Малдиви – Приключение в рая"
"Е731","Катар 2026 – Формула 1 Гран При (от Варна, 3 нощувки, вариант 2)","1493","6","0.477","0.15","1","1","0","Belprego Travel","1086","121-1086","1493.00","QATAR 2026 - FORMULA 1 GRAND PRIX - от Варна 3 Нощувки - хотел 5* - NORTH GRANDSTAND"
"Е551","Перу – Лима, Наска, Аракипа, Титикака и Мачу Пикчу","3545","13","0.471","0.14","1","1","0","Rual Travel","4551","31-4551","3545.00","Перу"
"П549","Халкидики – Касандра, почивки на море (автобус)","239","7","0.471","0.14","1","1","0","Emerald Travel","500","123-500","238.00","Почивка на Халкидики - Ситония, Гърция с автобус от София и Пловдив - 7 нощувки"
"Е704","Почивка на остров Тасос","219","3","0.471","0.14","1","1","0","Bohemia","1100020118","21-1100020118","221.20","Нова година на остров Лефкада - хотел &quot;Ianos&quot; 3* - 3 нощувки - със собствен транспорт"
"Е531","Солна мина Униреа – Букурещ – СПА Терме","175","2","0.468","0.22","0.7","1","0.43","AdvenTour","449","138-449","178.00","ПРЕДКОЛЕДЕН УИКЕНД 2026 в Букурещ. Терме СПА, Коледен базар с опция за Солна мина Слъник и  Музей Цириак – от Пловдив, Стара Загора, Казанлък, Габрово, Велико Търново и Русе"
"Е717","Лисабон и остров Мадейра","1882","7","0.465","0.25","1","0.5","0","2МКО","1793","20-1793","1881.55","ЛИСАБОН И  ПОРТО"
"Е207","Виетнам – Ханой, Хюе, Хой Ан, Дананг, Златния мост и Сайгон","2894","8","0.463","0.13","1","1","0","2МКО","218","20-218","2893.91","ВИЕТНАМ"
"П1149","Египетски Малдиви – Алмаза Бей","730","7","0.454","0.44","0.4","1","0","Abax.bg","3013","109-3013","803.75","Египетски Малдиви - Алмаза Бей - синьо, спокойно и безкрайно красиво с полет от София"
"Е663","Катар 2026 – Формула 1 Гран При (7 нощувки, хотел 4★)","1179","7","0.445","0.09","1","1","0","Belprego Travel","1015","121-1015","1179.04","QATAR 2026 - FORMULA 1 GRAND PRIX - 7 Нощувки - хотел 4* - NORTH GRANDSTAND"
"Е661","Катар 2026 – Формула 1 Гран При (4 нощувки, хотел 4★)","1610","4","0.445","0.09","1","1","0","Belprego Travel","803","121-803","1610.00","QATAR 2026 - FORMULA 1 GRAND PRIX - 4 Нощувки - хотел 4* - T16 GRANDSTAND"
"Е662","Катар 2026 – Формула 1 Гран При (7 нощувки, хотел 4★, вариант 2)","1278","7","0.442","0.08","1","1","0","Belprego Travel","1016","121-1016","1278.23","QATAR 2026 - FORMULA 1 GRAND PRIX - 7 Нощувки - хотел 4* - MAIN GRANDSTAND"
"Е660","Катар 2026 – Формула 1 Гран При (4 нощувки, хотел 4★, вариант 2)","1872","4","0.442","0.08","1","1","0","Belprego Travel","1010","121-1010","1872.00","QATAR 2026 - FORMULA 1 GRAND PRIX - 4 Нощувки - хотел 4* - NORTH GRANDSTAND"
"Е250","Екскурзия – Остров Бали (7 екскурзии включени в цената)","2290","8","0.44","0.2","1","0.5","0","Bohemia","6000005133","21-6000005133","2275.00","Почивка на остров Мавриций"
"Е681","Виетнам – Златния мост, Халонг, Ханой, Хой Ан и почивка на о-в Фу Куок","3590","12","0.436","0.07","1","1","0","Alexander Tour","958","55-958","3600.00","ТРИТЕ БИСЕРА НА АЗИЯ - ТАЙЛАНД, КАМБОДЖА, ВИЕТНАМ - ФЕВРУАРИ 2027"
"П1124","Загадъчна Сицилия + бонус 3 екскурзии (Athena Resort 4★)","921","7","0.432","0.63","0","1","0","Abax.bg","3083","109-3083","690.76","Загадъчна Сицилия + БОНУС 3 екскурзии - Athena Resort Village 4* Superior полет от София"
"Е613","САЩ – Бостън, Ню Йорк, Вашингтон, Маями + Торонто и Ниагара","5190","12","0.429","0.17","0.7","1","0.3","Bohemia","6000005513","21-6000005513","4939.00","Екскурзия в САЩ и КАНАДА - Американският Изток, Ниагара и най-доброто от Канада!"
"П1073","Скритите съкровища на Тенерифе (чартър от София 2026)","880","6","0.427","0.29","0.7","0.5","0.29","Abax.bg","3003","109-3003","915.21","Португалия от А до Я 2026 - полет от София - хотели 3*/4*"
"П1158","Сейшелите – екзотична почивка сред райски плажове","1710","7","0.423","0.17","1","0.5","0","Abax.bg","3208","109-3208","1695.44","Екзотична Почивка на о-в Пукет - 8 нощувки"
"П456","Почивки на о-в Закинтос – Лято 2026","528","6","0.423","0.33","0.7","0.5","0","Go2Holiday","843","85-843","544.53","Лято 2026 | Бодрум, Турция с полет от София"
"Е197","Тоскана – романтична въздишка","715","7","0.42","0","1","1","0.2","Bohemia","6000005394","21-6000005394","709.00","Почивка в ИТАЛИЯ - Калабрия, Тропеа - с полет до Ламеция Терме"
"П962","В ритъма на доминиканското слънце – Пунта Кана","1160","7","0.4","0","1","1","0","Bohemia","6000001685","21-6000001685","1149.00","Екскурзия в МАРОКО - имперските градове - със самолет, водач от България! Отстъпки за ранни записвания!"
"Е404","САЩ – Западен бряг","2965","12","0.4","0","1","1","0","Abax.bg","3202","109-3202","2950.00","КОЛЕДА И НОВА ГОДИНА: Вкусът на Азия -Виетнам и Камбоджа - 12 нощувки"
"Е380","САЩ и Канада – Новият свят","3579","13","0.4","0","1","1","0","Rual Travel","4551","31-4551","3545.00","Перу"
"П554","Луксозна почивка в Албания","655","7","0.4","0","1","1","0","RAD Festa","5582","30-5582","650.00","Автобусна почивка в Гърция 2026 – хотел Stavros Beach"
"П735","Почивка в Белек (самолет от Пловдив, петък)","527","7","0.4","0","1","1","0","AnaTravel","831","26-831","522.00","Почивка на Остров Закинтос - Перлата на Йонийските острови, с възможност за посещение на остров Кефалония седем нощувки със закуски и вечери"
"Е173","Амалфийска ривиера – Амалфи и крайбрежие","618","7","0.4","0","1","1","0","Bohemia","6000000135","21-6000000135","613.00","Екскурзия в Турция - Перлите на Егея, Бергама – Ефес – Кушадасъ – Бодрум – Мармарис  – Памуккале – Измир"
"Е196","Лазурен бряг и Италианска ривиера","664","7","0.4","0","1","1","0","Doris","554","111-554","662.00","Почивка в Пулия - Бари, Алберобело, Матера"
"Е437","Истанбул и Кападокия – запомнящо преживяване","327","7","0.4","0","1","1","0","AQUA TOUR","1854","97-1854","324.00","КЕМЕР - ЛЯТО 2026 САМОЛЕТНА ПРОГРАМА - ДЕН ВТОРНИК - 7 НОЩУВКИ"
"Е689","Кападокия – Бурса – Ескишехир – Анкара","456","5","0.4","0","1","1","0","AnaTravel","859","26-859","459.00","Петзвездна почивка на ОСТРОВ ЛЕФКАДА IONIAN BLUE RESORT & SPA 5* - 5 нощувки със закуски и вечери"
"Е226","Ирландия – 40 нюанса зелено","1739","7","0.4","0","1","1","0","PREMIO TRAVEL","536","92-536","1737.88","ШОТЛАНДИЯ – ДУШАТА НА ВИСОКАТА ЗЕМЯ"
"П953","Нова година 2026 в Рованиеми, Лапландия","2298","5","0.396","0.11","1","0.5","0","Belprego Travel","1012","121-1012","2305.00","QATAR 2026 - FORMULA 1 GRAND PRIX - 4 Нощувки - хотел 5* - MAIN GRANDSTAND"
"Е595","Катар 2026 – Формула 1 Гран При (4 нощувки, хотел 4★, премиум)","1997","4","0.392","0.25","0.7","0.5","0.11","Belprego Travel","1150","121-1150","1900.00","Формула 1 в Азербайджан 2026 от София"
"Е301","Китай – Необятно разнообразие","1845","11","0.318","0.08","1","0","0","Odans Travel","1108","11-1108","1860.00","Екскурзия Китай - Шанхай, Жужияо, Пекин, Забраненият  град, Великата китайска стена ПОТВЪРДЕНИ ГРУПИ"
